source,alt,url
lydia.001.jpg,Annonymous artwork,
melissa_andro.jpg,Artwork by Andro,https://x.com/Andr0Arts/status/1825743228655575255
lydia_dianabedrawing.jpg,Artwork by Preggyshork / Dianabedrawing,https://x.com/Heavensbake/status/1689247934586716165
melissa_zacharycreed.jpg,Artwork by ZacharyCreed,
lydia_12geovannyart.jpg,Artwork by 12geovannyart,https://www.deviantart.com/12geovannyart/art/Para-tei-juan-Lydia-the-rabbit-952838632
melissa_barnflakes.jpg,Artwork by Barn-flakes,https://www.deviantart.com/barn-flakes/art/red-and-blue-920726515
thayna_samuel.jpg,Artwork by Rat-of-the-darkages,https://www.furaffinity.net/view/39642398
lydia_danilocorrea.jpg,Artwork by Danilo Correa,
lydia_roji.jpg,Artwork by Roji-panty-complex,https://www.deviantart.com/roji-panty-complex/art/trade-lydia-is-a-bun-795139962
lydia_amyrose116.jpg,Artwork by Amyrose116,https://www.deviantart.com/amyrose116/art/a-t-teixeira-juan-807351012
lydia_spaceseacow.jpg,Artwork by Space-seacow,https://www.deviantart.com/space-seacow/art/at-it-s-mozart-i-swear-813620575
lydia_jesse.jpg,Artwork by Punkfrommarz,https://www.deviantart.com/punkfrommarz/art/lydia-821730670
lydia_barnflakes_2.jpg,Artwork by Barn-flakes,https://www.deviantart.com/barn-flakes/art/mutation-829156933
lydia_lemonman.jpg,Artwork by Lemon-man,
lydia_mariitakamiya.jpg,Artwork by Mariitakamiya,
lydia_teluzer.jpg,Artwork by Teluzer,https://www.deviantart.com/teluzer/art/lidya-844215829
lydia_dakln.jpg,Artwork by Dakln,https://www.furaffinity.net/view/36814526
lydia_barnflakes_3.jpg,Artwork by Barn-flakes,https://www.deviantart.com/barn-flakes/art/red-and-blue-920726515
lydia_isr4.jpg,Artwork by ISR-4,https://www.deviantart.com/isr-4/art/lydia-how-do-i-look-874752295
lydia_lozzybunz.jpg,Artwork by Lozzybunz,